﻿id;nombre;descripcion;poblacion;provinces_id
1;Ibarra;San Miguel de Ibarra es una ciudad ubicada en la región andina al norte del Ecuador. Conocida históricamente como..;22134;1
2;Atuntaqui;Antonio Ante es un cantón de Ecuador, localizado en la provincia de Imbabura. Su cabecera cantonal es la parroquia de Atuntaqui.;22412;1
3;Cotacachi;Cotacachi es el cantón más extenso de la provincia de Imbabura en Ecuador. La ciudad de Santa Ana de Cotacachi, está ubicada a las faldas del volcán que lleva su mismo nombre Volcán Cotacachi.;23612;1
4;Otavalo;Por otra parte, Juan de Velasco defiende la tesis de que el hombre otavaleño proviene de poblaciones que migraron del Caribe y que llegaron a tierras altas de lagos y montañas atravesando la cordillera Occidental por el río Esmeraldas.;24698;1
5;Urcuquí;San Miguel de Urcuquí es un cantón de Ecuador, localizado en la provincia de Imbabura. Su cabecera cantonal es la ciudad de Urcuquí.;22712;1
6;Guaranda;Guaranda, fue fundada por los españoles en 1571, pasó a ser corregimiento de Guaranda en 1702, fue elevada a Villa el 11 de noviembre de 1811 , su independencia fue el 10 de noviembre de 1820 , y se constituyó como cantón el 23 de junio de 1824..;90874;2
7;latacunga;Latacunga es una ciudad de Ecuador, capital de la provincia de Cotopaxi y cabecera cantonal del cantón homónimo. Conocida como Latacunga Romántica, se encuentra en la Sierra centro del país, en las estribaciones de la cordillera de ..;90874;3
