﻿id;nombre;descripcion;capital;poblacion;region
1;Imbabura;La población imbaburebura varia en cuanto a costumbres y manera de ser se refiere, por ejemplo con liberales y tradicionales personas en Otavalo,..;Ibarra;398244;Sierra
2;Bolívar;Provincia de Bolivar: Entre los platos típicos de la zona están: el Morocho o torta de papas, tortillas de maíz en tiesto,.;Guaranda;183641;Sierra
3;Cotopaxi;La provincia toma el nombre del volcán más grande e importante de su territorio, el volcán Cotopaxi.se encuentra dividida políticamente en 7 cantones.;Latacunga;164524;Sierra
4;demo;demo;demo;32;demo
