<?xml version="1.0" encoding="utf-8"?>
<databaseChangeLog
    xmlns="http://www.liquibase.org/xml/ns/dbchangelog"
    xmlns:xsi="http://www.w3.org/2001/XMLSchema-instance"
    xsi:schemaLocation="http://www.liquibase.org/xml/ns/dbchangelog http://www.liquibase.org/xml/ns/dbchangelog/dbchangelog-3.4.xsd">

    <property name="now" value="now()" dbms="mysql,h2"/>
    <property name="now" value="current_timestamp" dbms="postgresql"/>
    <property name="now" value="sysdate" dbms="oracle"/>

    <property name="autoIncrement" value="true" dbms="mysql,h2,postgresql,oracle"/>

    <property name="floatType" value="float4" dbms="postgresql, h2"/>
    <property name="floatType" value="float" dbms="mysql, oracle"/>

    <!--
        Added the entity Sitios.
    -->
    <changeSet id="1007" author="jhipster">
        <createTable tableName="sitios">
            <column name="id" type="bigint" autoIncrement="${autoIncrement}">
                <constraints primaryKey="true" nullable="false"/>
            </column>
            <column name="nombre" type="varchar(64)">
                <constraints nullable="false" />
            </column>
            
            <column name="descripcion" type="varchar(1024)">
                <constraints nullable="false" />
            </column>
            
            <column name="paginaweb" type="varchar(128)">
                <constraints nullable="false" />
            </column>
            
            <column name="mail" type="varchar(64)">
                <constraints nullable="false" />
            </column>
            
            <column name="facebook" type="varchar(128)">
                <constraints nullable="false" />
            </column>
            
            <column name="twitter" type="varchar(128)">
                <constraints nullable="false" />
            </column>
            
            <column name="direccion" type="varchar(256)">
                <constraints nullable="false" />
            </column>
            
            <column name="telefono" type="varchar(64)">
                <constraints nullable="false" />
            </column>
            
            <column name="latitud" type="varchar(20)">
                <constraints nullable="false" />
            </column>
            
            <column name="longitud" type="varchar(20)">
                <constraints nullable="false" />
            </column>
            
            <column name="cantons_id" type="bigint"/>
            <column name="categories_id" type="bigint"/>
            <!-- jhipster-needle-liquibase-add-column - Jhipster will add columns here, do not remove-->
        </createTable>
        
        <addForeignKeyConstraint baseColumnNames="cantons_id"
                                 baseTableName="sitios"
                                 constraintName="fk_sitios_cantons_id"
                                 referencedColumnNames="id"
                                 referencedTableName="canton"/>

        <addForeignKeyConstraint baseColumnNames="categories_id"
                                 baseTableName="sitios"
                                 constraintName="fk_sitios_categories_id"
                                 referencedColumnNames="id"
                                 referencedTableName="category"/>

    </changeSet>
</databaseChangeLog>
