<?xml version="1.0" encoding="utf-8"?>
<databaseChangeLog
    xmlns="http://www.liquibase.org/xml/ns/dbchangelog"
    xmlns:xsi="http://www.w3.org/2001/XMLSchema-instance"
    xsi:schemaLocation="http://www.liquibase.org/xml/ns/dbchangelog http://www.liquibase.org/xml/ns/dbchangelog/dbchangelog-3.4.xsd">

    <property name="now" value="now()" dbms="mysql,h2"/>
    <property name="now" value="current_timestamp" dbms="postgresql"/>
    <property name="now" value="sysdate" dbms="oracle"/>

    <property name="autoIncrement" value="true" dbms="mysql,h2,postgresql,oracle"/>

    <property name="floatType" value="float4" dbms="postgresql, h2"/>
    <property name="floatType" value="float" dbms="mysql, oracle"/>

    <!--
        Added the entity Responsable.
    -->
    <changeSet id="1010" author="jhipster">
        <createTable tableName="responsable">
            <column name="id" type="bigint" autoIncrement="${autoIncrement}">
                <constraints primaryKey="true" nullable="false"/>
            </column>
            <column name="nombre" type="varchar(128)">
                <constraints nullable="false" />
            </column>
            
            <column name="correo" type="varchar(64)">
                <constraints nullable="false" />
            </column>
            
            <column name="telefono" type="varchar(64)">
                <constraints nullable="false" />
            </column>
            
            <column name="celular" type="varchar(128)">
                <constraints nullable="false" />
            </column>
            
            <column name="activi_id" type="bigint"/>
            <!-- jhipster-needle-liquibase-add-column - Jhipster will add columns here, do not remove-->
        </createTable>
        
        <addForeignKeyConstraint baseColumnNames="activi_id"
                                 baseTableName="responsable"
                                 constraintName="fk_responsable_activi_id"
                                 referencedColumnNames="id"
                                 referencedTableName="actividad"/>

    </changeSet>
</databaseChangeLog>
