<?xml version="1.0" encoding="utf-8"?>
<databaseChangeLog
    xmlns="http://www.liquibase.org/xml/ns/dbchangelog"
    xmlns:xsi="http://www.w3.org/2001/XMLSchema-instance"
    xsi:schemaLocation="http://www.liquibase.org/xml/ns/dbchangelog http://www.liquibase.org/xml/ns/dbchangelog/dbchangelog-3.4.xsd">

    <property name="now" value="now()" dbms="mysql,h2"/>
    <property name="now" value="current_timestamp" dbms="postgresql"/>
    <property name="now" value="sysdate" dbms="oracle"/>

    <property name="autoIncrement" value="true" dbms="mysql,h2,postgresql,oracle"/>

    <property name="floatType" value="float4" dbms="postgresql, h2"/>
    <property name="floatType" value="float" dbms="mysql, oracle"/>

    <!--
        Added the entity Servicios.
    -->
    <changeSet id="1012" author="jhipster">
        <createTable tableName="servicios">
            <column name="id" type="bigint" autoIncrement="${autoIncrement}">
                <constraints primaryKey="true" nullable="false"/>
            </column>
            <column name="codigo" type="varchar(10)">
                <constraints nullable="false" />
            </column>
            
            <column name="siti_id" type="bigint"/>
            <!-- jhipster-needle-liquibase-add-column - Jhipster will add columns here, do not remove-->
        </createTable>
        
        <addForeignKeyConstraint baseColumnNames="siti_id"
                                 baseTableName="servicios"
                                 constraintName="fk_servicios_siti_id"
                                 referencedColumnNames="id"
                                 referencedTableName="sitios"/>

        <createTable tableName="servicios_catalogos">
            <column name="catalogoss_id" type="bigint">
                <constraints nullable="false"/>
            </column>
            <column name="servicioss_id" type="bigint">
                <constraints nullable="false"/>
            </column>
        </createTable>

        <addPrimaryKey columnNames="servicioss_id, catalogoss_id" tableName="servicios_catalogos"/>

        <addForeignKeyConstraint baseColumnNames="servicioss_id"
                                 baseTableName="servicios_catalogos"
                                 constraintName="fk_servicios_catalogos_catalogo_id"
                                 referencedColumnNames="id"
                                 referencedTableName="servicios"/>

        <addForeignKeyConstraint baseColumnNames="catalogoss_id"
                                 baseTableName="servicios_catalogos"
                                 constraintName="fk_servicios_catalogos_servicios_id"
                                 referencedColumnNames="id"
                                 referencedTableName="catalogo"/>
        
    </changeSet>
</databaseChangeLog>
