{
    "relationships": [
        {
            "relationshipId": 1,
            "relationshipName": "sitioss",
            "otherEntityName": "sitios",
            "relationshipType": "many-to-one",
            "otherEntityField": "nombre"
        },
        {
            "relationshipId": 2,
            "relationshipName": "responsables",
            "otherEntityName": "responsable",
            "relationshipType": "one-to-many",
            "otherEntityRelationshipName": "activid"
        }
    ],
    "fields": [
        {
            "fieldId": 1,
            "fieldName": "nombre",
            "fieldType": "String",
            "fieldValidateRules": [
                "required",
                "minlength",
                "maxlength"
            ],
            "fieldValidateRulesMinlength": "2",
            "fieldValidateRulesMaxlength": "64"
        },
        {
            "fieldId": 2,
            "fieldName": "descripcion",
            "fieldType": "String",
            "fieldValidateRules": [
                "required",
                "minlength",
                "maxlength"
            ],
            "fieldValidateRulesMinlength": "2",
            "fieldValidateRulesMaxlength": "2014"
        },
        {
            "fieldId": 3,
            "fieldName": "direccion",
            "fieldType": "String",
            "fieldValidateRules": [
                "required",
                "minlength",
                "maxlength"
            ],
            "fieldValidateRulesMinlength": "2",
            "fieldValidateRulesMaxlength": "128"
        },
        {
            "fieldId": 4,
            "fieldName": "fecha",
            "fieldType": "LocalDate",
            "fieldValidateRules": [
                "required"
            ]
        },
        {
            "fieldId": 5,
            "fieldName": "foto",
            "fieldType": "byte[]",
            "fieldTypeBlobContent": "image",
            "fieldValidateRules": [
                "required",
                "minbytes",
                "maxbytes"
            ],
            "fieldValidateRulesMinbytes": "100",
            "fieldValidateRulesMaxbytes": "100000"
        }
    ],
    "changelogDate": "20160616154109",
    "dto": "no",
    "service": "no",
    "pagination": "pagination"
}